<?xml version="1.0" encoding="UTF-8"?>
<commands>
<command id="201">Diseno.Presentacion.Command.CommandCliente.CommandActualizarCliente</command>
<command id="202">Diseno.Presentacion.Command.CommandCliente.CommandAltaCliente</command>
<command id="203">Diseno.Presentacion.Command.CommandCliente.CommandBajaCliente</command>
<command id="204">Diseno.Presentacion.Command.CommandCliente.CommandBuscarActualizarCliente</command>
<command id="205">Diseno.Presentacion.Command.CommandCliente.CommandBuscarCliente</command>
<command id="206">Diseno.Presentacion.Command.CommandCliente.CommandDevolverPrestamo</command>
<command id="207">Diseno.Presentacion.Command.CommandCliente.CommandMostrarClientes</command>
<command id="210">Diseno.Presentacion.Command.CommandCliente.CommandMostrarPrestamos</command>
<command id="211">Diseno.Presentacion.Command.CommandCliente.CommandClientesConLibrosDeUnGeneroYNPaginas</command>
<command id="212">Diseno.Presentacion.Command.CommandCliente.CommandClientesAlMenosNLibrosDeUnaEditorial</command>
<command id="213">Diseno.Presentacion.Command.CommandCliente.CommandRealizarPrestamoDatosCliente</command>
<command id="214">Diseno.Presentacion.Command.CommandCliente.CommandRealizarPrestamoDatosLibro</command>

<command id="301">Diseno.Presentacion.Command.CommandLibro.CommandAltaLibro</command>
<command id="302">Diseno.Presentacion.Command.CommandLibro.CommandBajaLibro</command>
<command id="303">Diseno.Presentacion.Command.CommandLibro.CommandBuscarActualizarLibro</command>
<command id="304">Diseno.Presentacion.Command.CommandLibro.CommandActualizarLibro</command>
<command id="305">Diseno.Presentacion.Command.CommandLibro.CommandBuscarLibro</command>
<command id="306">Diseno.Presentacion.Command.CommandLibro.CommandMostrarLibros</command>
<command id="307">Diseno.Presentacion.Command.CommandLibro.CommandBuscarPorISBN</command>
<command id="308">Diseno.Presentacion.Command.CommandLibro.CommandBuscarPorAutor</command>
<command id="309">Diseno.Presentacion.Command.CommandLibro.CommandMostrarPorAutor</command>

<command id="101">Diseno.Presentacion.Command.CommandEditorial.CommandAltaEditorial</command>
<command id="102">Diseno.Presentacion.Command.CommandEditorial.CommandBajaEditorial</command>
<command id="103">Diseno.Presentacion.Command.CommandEditorial.CommandBuscarActualizarEditorial</command>
<command id="104">Diseno.Presentacion.Command.CommandEditorial.CommandActualizarEditorial</command>
<command id="105">Diseno.Presentacion.Command.CommandEditorial.CommandBuscarEditorial</command>
<command id="106">Diseno.Presentacion.Command.CommandEditorial.CommandMostrarEditorial</command>

<command id="401">Diseno.Presentacion.Command.CommandTrabajador.CommandAltaTrabajador</command>
<command id="402">Diseno.Presentacion.Command.CommandTrabajador.CommandBuscarTrabajador</command>
<command id="403">Diseno.Presentacion.Command.CommandTrabajador.CommandBajaTrabajador</command>
<command id="404">Diseno.Presentacion.Command.CommandTrabajador.CommandMostrarTrabajadores</command>
<command id="405">Diseno.Presentacion.Command.CommandTrabajador.CommandBuscarActualizarTrabajador</command>
<command id="406">Diseno.Presentacion.Command.CommandTrabajador.CommandActualizarTrabajador</command>
<command id="407">Diseno.Presentacion.Command.CommandTrabajador.CommandMatricularse</command>
<command id="408">Diseno.Presentacion.Command.CommandTrabajador.CommandDesmatricularse</command>
<command id="409">Diseno.Presentacion.Command.CommandTrabajador.CommandMostrarMatriculas</command>

<command id="501">Diseno.Presentacion.Command.CommandCurso.CommandAltaCurso</command>
<command id="502">Diseno.Presentacion.Command.CommandCurso.CommandBajaCurso</command>
<command id="503">Diseno.Presentacion.Command.CommandCurso.CommandBuscarActualizarCurso</command>
<command id="504">Diseno.Presentacion.Command.CommandCurso.CommandActualizarCurso</command>
<command id="505">Diseno.Presentacion.Command.CommandCurso.CommandBuscarCurso</command>
<command id="506">Diseno.Presentacion.Command.CommandCurso.CommandMostrarCursos</command>

<command id="601">Diseno.Presentacion.Command.CommandCentro.CommandAltaCentro</command>
<command id="602">Diseno.Presentacion.Command.CommandCentro.CommandBajaCentro</command>
<command id="603">Diseno.Presentacion.Command.CommandCentro.CommandActualizarCentro</command>
<command id="604">Diseno.Presentacion.Command.CommandCentro.CommandBuscarCentro</command>
<command id="605">Diseno.Presentacion.Command.CommandCentro.CommandMostrarCentros</command>
<command id="606">Diseno.Presentacion.Command.CommandCentro.CommandBuscarActualizarCentro</command>
<command id="607">Diseno.Presentacion.Command.CommandCentro.CommandCalcularCosteCursos</command>

</commands>