<?xml version="1.0" encoding="UTF-8"?>
<events>
	<event id="1000">Diseno.Presentacion.GUIMain</event>
	<event id="100">Diseno.Presentacion.Editorial.GUIEditorial</event>
	<event id="200">Diseno.Presentacion.Cliente.GUICliente</event>
	<event id="300">Diseno.Presentacion.Libro.GUILibro</event>
	<event id="400">Diseno.Presentacion.Trabajador.GUITrabajador</event>
	<event id="500">Diseno.Presentacion.Curso.GUICurso</event>
	<event id="600">Diseno.Presentacion.Centro.GUICentro</event>
	
	<event id="201">Diseno.Presentacion.Cliente.GUICliente</event>
	<event id="202">Diseno.Presentacion.Cliente.GUICliente</event>
	<event id="203">Diseno.Presentacion.Cliente.GUICliente</event>
	<event id="204">Diseno.Presentacion.Cliente.GUICliente</event>
	<event id="205">Diseno.Presentacion.Cliente.GUICliente</event>
	<event id="206">Diseno.Presentacion.Cliente.GUICliente</event>
	<event id="207">Diseno.Presentacion.Cliente.GUICliente</event>
	<event id="208">Diseno.Presentacion.Cliente.GUICliente</event>
	<event id="209">Diseno.Presentacion.Cliente.GUICliente</event>
	<event id="210">Diseno.Presentacion.Cliente.GUICliente</event>
	<event id="211">Diseno.Presentacion.Cliente.GUICliente</event>
	<event id="212">Diseno.Presentacion.Cliente.GUICliente</event>
	<event id="213">Diseno.Presentacion.Cliente.GUICliente</event>
	<event id="214">Diseno.Presentacion.Cliente.GUICliente</event>
	
	<event id="220">Diseno.Presentacion.Cliente.GUICliente</event>
	<event id="221">Diseno.Presentacion.Cliente.GUICliente</event>
	<event id="222">Diseno.Presentacion.Cliente.GUICliente</event>
	<event id="223">Diseno.Presentacion.Cliente.GUICliente</event>
	<event id="224">Diseno.Presentacion.Cliente.GUICliente</event>
	<event id="225">Diseno.Presentacion.Cliente.GUICliente</event>
	<event id="226">Diseno.Presentacion.Cliente.GUICliente</event>
	<event id="227">Diseno.Presentacion.Cliente.GUICliente</event>
	<event id="228">Diseno.Presentacion.Cliente.GUICliente</event>
	<event id="229">Diseno.Presentacion.Cliente.GUICliente</event>
	<event id="230">Diseno.Presentacion.Cliente.GUICliente</event>
	<event id="231">Diseno.Presentacion.Cliente.GUICliente</event>
	<event id="232">Diseno.Presentacion.Cliente.GUICliente</event>
	<event id="233">Diseno.Presentacion.Cliente.GUICliente</event>
	<event id="234">Diseno.Presentacion.Cliente.GUICliente</event>
	<event id="235">Diseno.Presentacion.Cliente.GUICliente</event>
	<event id="236">Diseno.Presentacion.Cliente.GUICliente</event>
	<event id="237">Diseno.Presentacion.Cliente.GUICliente</event>
	<event id="238">Diseno.Presentacion.Cliente.GUICliente</event>
	<event id="239">Diseno.Presentacion.Cliente.GUICliente</event>
	<event id="240">Diseno.Presentacion.Cliente.GUICliente</event>
	<event id="241">Diseno.Presentacion.Cliente.GUICliente</event>
	
	
	<event id="301">Diseno.Presentacion.Libro.GUILibro</event>
	<event id="302">Diseno.Presentacion.Libro.GUILibro</event>
	<event id="303">Diseno.Presentacion.Libro.GUILibro</event>
	<event id="304">Diseno.Presentacion.Libro.GUILibro</event>
	<event id="305">Diseno.Presentacion.Libro.GUILibro</event>
	<event id="306">Diseno.Presentacion.Libro.GUILibro</event>
	<event id="307">Diseno.Presentacion.Libro.GUILibro</event>
	<event id="308">Diseno.Presentacion.Libro.GUILibro</event>
	<event id="309">Diseno.Presentacion.Libro.GUILibro</event>
	
	<event id="320">Diseno.Presentacion.Libro.GUILibro</event>
	<event id="321">Diseno.Presentacion.Libro.GUILibro</event>
	<event id="322">Diseno.Presentacion.Libro.GUILibro</event>
	<event id="323">Diseno.Presentacion.Libro.GUILibro</event>
	<event id="324">Diseno.Presentacion.Libro.GUILibro</event>
	<event id="325">Diseno.Presentacion.Libro.GUILibro</event>
	<event id="326">Diseno.Presentacion.Libro.GUILibro</event>
	<event id="327">Diseno.Presentacion.Libro.GUILibro</event>
	<event id="328">Diseno.Presentacion.Libro.GUILibro</event>
	<event id="329">Diseno.Presentacion.Libro.GUILibro</event>
	<event id="330">Diseno.Presentacion.Libro.GUILibro</event>
	<event id="331">Diseno.Presentacion.Libro.GUILibro</event>
	<event id="332">Diseno.Presentacion.Libro.GUILibro</event>
	<event id="333">Diseno.Presentacion.Libro.GUILibro</event>
	<event id="334">Diseno.Presentacion.Libro.GUILibro</event>
	<event id="335">Diseno.Presentacion.Libro.GUILibro</event>
	
	
	<event id="101">Diseno.Presentacion.Editorial.GUIEditorial</event>
	<event id="102">Diseno.Presentacion.Editorial.GUIEditorial</event>
	<event id="103">Diseno.Presentacion.Editorial.GUIEditorial</event>
	<event id="104">Diseno.Presentacion.Editorial.GUIEditorial</event>
	<event id="105">Diseno.Presentacion.Editorial.GUIEditorial</event>
	<event id="106">Diseno.Presentacion.Editorial.GUIEditorial</event>
	
	<event id="120">Diseno.Presentacion.Editorial.GUIEditorial</event>
	<event id="121">Diseno.Presentacion.Editorial.GUIEditorial</event>
	<event id="122">Diseno.Presentacion.Editorial.GUIEditorial</event>
	<event id="123">Diseno.Presentacion.Editorial.GUIEditorial</event>
	<event id="124">Diseno.Presentacion.Editorial.GUIEditorial</event>
	<event id="125">Diseno.Presentacion.Editorial.GUIEditorial</event>
	<event id="126">Diseno.Presentacion.Editorial.GUIEditorial</event>
	<event id="127">Diseno.Presentacion.Editorial.GUIEditorial</event>
	<event id="128">Diseno.Presentacion.Editorial.GUIEditorial</event>
	<event id="129">Diseno.Presentacion.Editorial.GUIEditorial</event>
	<event id="130">Diseno.Presentacion.Editorial.GUIEditorial</event>
	<event id="131">Diseno.Presentacion.Editorial.GUIEditorial</event>
	
	
	<event id="401">Diseno.Presentacion.Trabajador.GUITrabajador</event>
	<event id="402">Diseno.Presentacion.Trabajador.GUITrabajador</event>
	<event id="403">Diseno.Presentacion.Trabajador.GUITrabajador</event>
	<event id="404">Diseno.Presentacion.Trabajador.GUITrabajador</event>
	<event id="405">Diseno.Presentacion.Trabajador.GUITrabajador</event>
	<event id="406">Diseno.Presentacion.Trabajador.GUITrabajador</event>
	<event id="407">Diseno.Presentacion.Trabajador.GUITrabajador</event>
	<event id="408">Diseno.Presentacion.Trabajador.GUITrabajador</event>
	<event id="409">Diseno.Presentacion.Trabajador.GUITrabajador</event>

	<event id="420">Diseno.Presentacion.Trabajador.GUITrabajador</event>
	<event id="421">Diseno.Presentacion.Trabajador.GUITrabajador</event>
	<event id="422">Diseno.Presentacion.Trabajador.GUITrabajador</event>
	<event id="423">Diseno.Presentacion.Trabajador.GUITrabajador</event>
	<event id="424">Diseno.Presentacion.Trabajador.GUITrabajador</event>
	<event id="425">Diseno.Presentacion.Trabajador.GUITrabajador</event>
	<event id="426">Diseno.Presentacion.Trabajador.GUITrabajador</event>
	<event id="427">Diseno.Presentacion.Trabajador.GUITrabajador</event>
	<event id="428">Diseno.Presentacion.Trabajador.GUITrabajador</event>
	<event id="429">Diseno.Presentacion.Trabajador.GUITrabajador</event>
	<event id="430">Diseno.Presentacion.Trabajador.GUITrabajador</event>
	<event id="431">Diseno.Presentacion.Trabajador.GUITrabajador</event>
	<event id="432">Diseno.Presentacion.Trabajador.GUITrabajador</event>
	<event id="433">Diseno.Presentacion.Trabajador.GUITrabajador</event>
	<event id="434">Diseno.Presentacion.Trabajador.GUITrabajador</event>
	<event id="435">Diseno.Presentacion.Trabajador.GUITrabajador</event>
	<event id="436">Diseno.Presentacion.Trabajador.GUITrabajador</event>
	<event id="437">Diseno.Presentacion.Trabajador.GUITrabajador</event>
	
	
	<event id="501">Diseno.Presentacion.Curso.GUICurso</event>
	<event id="502">Diseno.Presentacion.Curso.GUICurso</event>
	<event id="503">Diseno.Presentacion.Curso.GUICurso</event>
	<event id="504">Diseno.Presentacion.Curso.GUICurso</event>
	<event id="505">Diseno.Presentacion.Curso.GUICurso</event>
	<event id="506">Diseno.Presentacion.Curso.GUICurso</event>

	<event id="520">Diseno.Presentacion.Curso.GUICurso</event>
	<event id="521">Diseno.Presentacion.Curso.GUICurso</event>
	<event id="522">Diseno.Presentacion.Curso.GUICurso</event>
	<event id="523">Diseno.Presentacion.Curso.GUICurso</event>
	<event id="524">Diseno.Presentacion.Curso.GUICurso</event>
	<event id="525">Diseno.Presentacion.Curso.GUICurso</event>
	<event id="526">Diseno.Presentacion.Curso.GUICurso</event>
	<event id="527">Diseno.Presentacion.Curso.GUICurso</event>
	<event id="528">Diseno.Presentacion.Curso.GUICurso</event>
	<event id="529">Diseno.Presentacion.Curso.GUICurso</event>
	<event id="530">Diseno.Presentacion.Curso.GUICurso</event>
	<event id="531">Diseno.Presentacion.Curso.GUICurso</event>
	
	
	<event id="601">Diseno.Presentacion.Centro.GUICentro</event>
	<event id="602">Diseno.Presentacion.Centro.GUICentro</event>
	<event id="603">Diseno.Presentacion.Centro.GUICentro</event>
	<event id="604">Diseno.Presentacion.Centro.GUICentro</event>
	<event id="605">Diseno.Presentacion.Centro.GUICentro</event>
	<event id="606">Diseno.Presentacion.Centro.GUICentro</event>
	<event id="607">Diseno.Presentacion.Centro.GUICentro</event>

	<event id="620">Diseno.Presentacion.Centro.GUICentro</event>
	<event id="621">Diseno.Presentacion.Centro.GUICentro</event>
	<event id="622">Diseno.Presentacion.Centro.GUICentro</event>
	<event id="623">Diseno.Presentacion.Centro.GUICentro</event>
	<event id="624">Diseno.Presentacion.Centro.GUICentro</event>
	<event id="625">Diseno.Presentacion.Centro.GUICentro</event>
	<event id="626">Diseno.Presentacion.Centro.GUICentro</event>
	<event id="627">Diseno.Presentacion.Centro.GUICentro</event>
	<event id="628">Diseno.Presentacion.Centro.GUICentro</event>
	<event id="629">Diseno.Presentacion.Centro.GUICentro</event>
	<event id="630">Diseno.Presentacion.Centro.GUICentro</event>
	<event id="631">Diseno.Presentacion.Centro.GUICentro</event>
	<event id="632">Diseno.Presentacion.Centro.GUICentro</event>
	<event id="633">Diseno.Presentacion.Centro.GUICentro</event>
</events>